<?xml version='1.0' encoding='UTF-8'?>
<?artifactRepository version='1.1.0'?>
<repository name='file:/home/mblock/sw/sparkweave-connector/target/update-site/ - artifacts' type='org.eclipse.equinox.p2.artifact.repository.simpleRepository' version='1'>
  <properties size='2'>
    <property name='p2.timestamp' value='1355335534029'/>
    <property name='p2.compressed' value='false'/>
  </properties>
  <mappings size='3'>
    <rule filter='(&amp; (classifier=osgi.bundle))' output='${repoUrl}/plugins/${id}_${version}.jar'/>
    <rule filter='(&amp; (classifier=binary))' output='${repoUrl}/binary/${id}_${version}'/>
    <rule filter='(&amp; (classifier=org.eclipse.update.feature))' output='${repoUrl}/features/${id}_${version}.jar'/>
  </mappings>
  <artifacts size='2'>
    <artifact classifier='org.eclipse.update.feature' id='org.mule.tooling.ui.extension.sparkweave' version='1.0.1.201212121205'>
      <properties size='4'>
        <property name='artifact.size' value='3971'/>
        <property name='download.size' value='3971'/>
        <property name='download.md5' value='768c49f3c22a575437085ebe548da913'/>
        <property name='download.contentType' value='application/zip'/>
      </properties>
    </artifact>
    <artifact classifier='osgi.bundle' id='org.mule.tooling.ui.contribution.sparkweave' version='1.0.0.201212121205'>
      <properties size='3'>
        <property name='artifact.size' value='1006876'/>
        <property name='download.size' value='1006876'/>
        <property name='download.md5' value='697c560347c55e58acf81d84e9fe2ba0'/>
      </properties>
    </artifact>
  </artifacts>
</repository>
