<?xml version='1.0' encoding='UTF-8'?>
<?artifactRepository version='1.1.0'?>
<repository name='file:/home/mblock/sw/sparkweave-connector/target/update-site/ - artifacts' type='org.eclipse.equinox.p2.artifact.repository.simpleRepository' version='1.0.0'>
  <properties size='2'>
    <property name='p2.timestamp' value='1354735517042'/>
    <property name='p2.compressed' value='false'/>
  </properties>
  <mappings size='3'>
    <rule filter='(&amp; (classifier=osgi.bundle))' output='${repoUrl}/plugins/${id}_${version}.jar'/>
    <rule filter='(&amp; (classifier=binary))' output='${repoUrl}/binary/${id}_${version}'/>
    <rule filter='(&amp; (classifier=org.eclipse.update.feature))' output='${repoUrl}/features/${id}_${version}.jar'/>
  </mappings>
  <artifacts size='10'>
    <artifact classifier='osgi.bundle' id='org.mule.tooling.ui.contribution.sparkweave' version='1.0.0.201212051043'>
      <properties size='3'>
        <property name='artifact.size' value='1006986'/>
        <property name='download.size' value='1006986'/>
        <property name='download.md5' value='3bc9b7a7a5926e8083e96c93294cbb19'/>
      </properties>
    </artifact>
    <artifact classifier='org.eclipse.update.feature' id='org.mule.tooling.ui.extension.sparkweave' version='1.0.1.201212050949'>
      <properties size='4'>
        <property name='artifact.size' value='3976'/>
        <property name='download.size' value='3976'/>
        <property name='download.md5' value='5205df9a451dfee4b0a81ee958d8408a'/>
        <property name='download.contentType' value='application/zip'/>
      </properties>
    </artifact>
    <artifact classifier='osgi.bundle' id='org.mule.tooling.ui.contribution.sparkweave' version='1.0.0.201212051246'>
      <properties size='3'>
        <property name='artifact.size' value='1007055'/>
        <property name='download.size' value='1007055'/>
        <property name='download.md5' value='29f66b23e5360707a472f3a44232d13b'/>
      </properties>
    </artifact>
    <artifact classifier='org.eclipse.update.feature' id='org.mule.tooling.ui.extension.sparkweave' version='1.0.1.201212051246'>
      <properties size='4'>
        <property name='artifact.size' value='3976'/>
        <property name='download.size' value='3976'/>
        <property name='download.md5' value='5b3d9b5ba613dfbdb2eae94536fd069f'/>
        <property name='download.contentType' value='application/zip'/>
      </properties>
    </artifact>
    <artifact classifier='osgi.bundle' id='org.mule.tooling.ui.contribution.sparkweave' version='1.0.0.201212041606'>
      <properties size='3'>
        <property name='artifact.size' value='1006762'/>
        <property name='download.size' value='1006762'/>
        <property name='download.md5' value='0c62d4c5214fe1094a0eed130766bdc5'/>
      </properties>
    </artifact>
    <artifact classifier='osgi.bundle' id='org.mule.tooling.ui.contribution.sparkweave' version='1.0.0.201212051325'>
      <properties size='3'>
        <property name='artifact.size' value='1007345'/>
        <property name='download.size' value='1007345'/>
        <property name='download.md5' value='db24d597a682a319b7a1026cdcbe842e'/>
      </properties>
    </artifact>
    <artifact classifier='osgi.bundle' id='org.mule.tooling.ui.contribution.sparkweave' version='1.0.0.201212050949'>
      <properties size='3'>
        <property name='artifact.size' value='1006960'/>
        <property name='download.size' value='1006960'/>
        <property name='download.md5' value='3db63d3f92006b2cb4e70097beb914d3'/>
      </properties>
    </artifact>
    <artifact classifier='org.eclipse.update.feature' id='org.mule.tooling.ui.extension.sparkweave' version='1.0.1.201212041606'>
      <properties size='4'>
        <property name='artifact.size' value='3976'/>
        <property name='download.size' value='3976'/>
        <property name='download.md5' value='387d6d7fb64cbe1e1c27e3a456641018'/>
        <property name='download.contentType' value='application/zip'/>
      </properties>
    </artifact>
    <artifact classifier='org.eclipse.update.feature' id='org.mule.tooling.ui.extension.sparkweave' version='1.0.1.201212051325'>
      <properties size='4'>
        <property name='artifact.size' value='3976'/>
        <property name='download.size' value='3976'/>
        <property name='download.md5' value='2ef69f3de399f3effad1f2623d0462de'/>
        <property name='download.contentType' value='application/zip'/>
      </properties>
    </artifact>
    <artifact classifier='org.eclipse.update.feature' id='org.mule.tooling.ui.extension.sparkweave' version='1.0.1.201212051043'>
      <properties size='4'>
        <property name='artifact.size' value='3976'/>
        <property name='download.size' value='3976'/>
        <property name='download.md5' value='7b0a83921d89a6331397b0974298d43a'/>
        <property name='download.contentType' value='application/zip'/>
      </properties>
    </artifact>
  </artifacts>
</repository>
